{
    "inputMessageMetadata": {
        "messagePayload": {
            "connectorName": "#_custom_mule_metadata_type_#",
            "typeId": "united_json"
        }
    },
    "outputMessageMetadata": {
        "messagePayload": {
            "model": {
                "connectorName": "#_custom_mule_metadata_type_#",
                "typeId": "Flight_pojo"
            },
            "isArray": false,
            "dataType": "LIST",
            "metaDataModelPropertiesManager": {
                "properties": []
            }
        }
    },
    "id": "f497884b-4028-4fc5-aa60-f9ae109d5fe7",
    "version": "5.2.0.0"
}