<custom__type__definition>
  <version>5.2.0.0</version>
  <typeName class="org.mule.common.metadata.DefaultMetaDataKey">
    <id>flights_xml</id>
    <displayName>flights_xml</displayName>
    <category>DEFAULT</category>
    <metaDataKeyPropertiesManager>
      <properties>
        <org.mule.common.metadata.key.property.dsql.DsqlFromMetaDataKeyProperty/>
      </properties>
    </metaDataKeyPropertiesManager>
  </typeName>
  <metadataModel class="org.mule.common.metadata.DefaultXmlMetaDataModel">
    <dataType>XML</dataType>
    <metaDataModelPropertiesManager>
      <properties>
        <org.mule.common.metadata.property.xml.SchemaTypeMetaDataProperty>
          <typeQName>
            <namespaceURI>http://soap.training.mulesoft.com/</namespaceURI>
            <localPart>listAllFlightsResponseType</localPart>
            <prefix></prefix>
          </typeQName>
        </org.mule.common.metadata.property.xml.SchemaTypeMetaDataProperty>
        <org.mule.common.metadata.property.TextBasedExampleMetaDataModelProperty>
          <exampleContent>/Users/jeanette.stallons/AnypointStudio/workspace/apdev-flights-ws-mod10/src/test/resources/flights-example.xml</exampleContent>
        </org.mule.common.metadata.property.TextBasedExampleMetaDataModelProperty>
      </properties>
    </metaDataModelPropertiesManager>
    <fields>
      <org.mule.common.metadata.DefaultMetaDataField>
        <name>return</name>
        <model class="org.mule.common.metadata.DefaultListMetaDataModel">
          <dataType>LIST</dataType>
          <metaDataModelPropertiesManager>
            <properties>
              <org.mule.common.metadata.property.xml.SchemaTypeMetaDataProperty>
                <typeQName>
                  <namespaceURI></namespaceURI>
                  <localPart>returnType</localPart>
                  <prefix></prefix>
                </typeQName>
              </org.mule.common.metadata.property.xml.SchemaTypeMetaDataProperty>
              <org.mule.common.metadata.property.xml.UnboundMetaDataProperty>
                <maxOccurs>2147483647</maxOccurs>
                <minOccurs>0</minOccurs>
              </org.mule.common.metadata.property.xml.UnboundMetaDataProperty>
            </properties>
          </metaDataModelPropertiesManager>
          <model class="org.mule.common.metadata.DefaultXmlMetaDataModel">
            <dataType>XML</dataType>
            <metaDataModelPropertiesManager>
              <properties/>
            </metaDataModelPropertiesManager>
            <fields>
              <org.mule.common.metadata.DefaultMetaDataField>
                <name>code</name>
                <model class="org.mule.common.metadata.DefaultSimpleMetaDataModel">
                  <dataType>STRING</dataType>
                  <metaDataModelPropertiesManager>
                    <properties/>
                  </metaDataModelPropertiesManager>
                </model>
                <accessType>READ_WRITE</accessType>
                <metaDataFieldPropertyManager>
                  <properties>
                    <org.mule.common.metadata.property.QNameMetaDataProperty>
                      <name>
                        <namespaceURI></namespaceURI>
                        <localPart>code</localPart>
                        <prefix></prefix>
                      </name>
                    </org.mule.common.metadata.property.QNameMetaDataProperty>
                  </properties>
                </metaDataFieldPropertyManager>
              </org.mule.common.metadata.DefaultMetaDataField>
              <org.mule.common.metadata.DefaultMetaDataField>
                <name>departureDate</name>
                <model class="org.mule.common.metadata.DefaultSimpleMetaDataModel">
                  <dataType>STRING</dataType>
                  <metaDataModelPropertiesManager>
                    <properties/>
                  </metaDataModelPropertiesManager>
                </model>
                <accessType>READ_WRITE</accessType>
                <metaDataFieldPropertyManager>
                  <properties>
                    <org.mule.common.metadata.property.QNameMetaDataProperty>
                      <name>
                        <namespaceURI></namespaceURI>
                        <localPart>departureDate</localPart>
                        <prefix></prefix>
                      </name>
                    </org.mule.common.metadata.property.QNameMetaDataProperty>
                  </properties>
                </metaDataFieldPropertyManager>
              </org.mule.common.metadata.DefaultMetaDataField>
              <org.mule.common.metadata.DefaultMetaDataField>
                <name>destination</name>
                <model class="org.mule.common.metadata.DefaultSimpleMetaDataModel">
                  <dataType>STRING</dataType>
                  <metaDataModelPropertiesManager>
                    <properties/>
                  </metaDataModelPropertiesManager>
                </model>
                <accessType>READ_WRITE</accessType>
                <metaDataFieldPropertyManager>
                  <properties>
                    <org.mule.common.metadata.property.QNameMetaDataProperty>
                      <name>
                        <namespaceURI></namespaceURI>
                        <localPart>destination</localPart>
                        <prefix></prefix>
                      </name>
                    </org.mule.common.metadata.property.QNameMetaDataProperty>
                  </properties>
                </metaDataFieldPropertyManager>
              </org.mule.common.metadata.DefaultMetaDataField>
              <org.mule.common.metadata.DefaultMetaDataField>
                <name>emptySeats</name>
                <model class="org.mule.common.metadata.DefaultSimpleMetaDataModel">
                  <dataType>INTEGER</dataType>
                  <metaDataModelPropertiesManager>
                    <properties/>
                  </metaDataModelPropertiesManager>
                </model>
                <accessType>READ_WRITE</accessType>
                <metaDataFieldPropertyManager>
                  <properties>
                    <org.mule.common.metadata.property.QNameMetaDataProperty>
                      <name>
                        <namespaceURI></namespaceURI>
                        <localPart>emptySeats</localPart>
                        <prefix></prefix>
                      </name>
                    </org.mule.common.metadata.property.QNameMetaDataProperty>
                  </properties>
                </metaDataFieldPropertyManager>
              </org.mule.common.metadata.DefaultMetaDataField>
              <org.mule.common.metadata.DefaultMetaDataField>
                <name>origin</name>
                <model class="org.mule.common.metadata.DefaultSimpleMetaDataModel">
                  <dataType>STRING</dataType>
                  <metaDataModelPropertiesManager>
                    <properties>
                      <org.mule.common.metadata.property.xml.SchemaTypeMetaDataProperty>
                        <typeQName>
                          <namespaceURI>http://www.w3.org/2001/XMLSchema</namespaceURI>
                          <localPart>string</localPart>
                          <prefix></prefix>
                        </typeQName>
                      </org.mule.common.metadata.property.xml.SchemaTypeMetaDataProperty>
                    </properties>
                  </metaDataModelPropertiesManager>
                </model>
                <accessType>READ_WRITE</accessType>
                <metaDataFieldPropertyManager>
                  <properties>
                    <org.mule.common.metadata.property.QNameMetaDataProperty>
                      <name>
                        <namespaceURI></namespaceURI>
                        <localPart>origin</localPart>
                        <prefix></prefix>
                      </name>
                    </org.mule.common.metadata.property.QNameMetaDataProperty>
                  </properties>
                </metaDataFieldPropertyManager>
              </org.mule.common.metadata.DefaultMetaDataField>
              <org.mule.common.metadata.DefaultMetaDataField>
                <name>planeType</name>
                <model class="org.mule.common.metadata.DefaultSimpleMetaDataModel">
                  <dataType>STRING</dataType>
                  <metaDataModelPropertiesManager>
                    <properties/>
                  </metaDataModelPropertiesManager>
                </model>
                <accessType>READ_WRITE</accessType>
                <metaDataFieldPropertyManager>
                  <properties>
                    <org.mule.common.metadata.property.QNameMetaDataProperty>
                      <name>
                        <namespaceURI></namespaceURI>
                        <localPart>planeType</localPart>
                        <prefix></prefix>
                      </name>
                    </org.mule.common.metadata.property.QNameMetaDataProperty>
                  </properties>
                </metaDataFieldPropertyManager>
              </org.mule.common.metadata.DefaultMetaDataField>
              <org.mule.common.metadata.DefaultMetaDataField>
                <name>price</name>
                <model class="org.mule.common.metadata.DefaultSimpleMetaDataModel">
                  <dataType>DOUBLE</dataType>
                  <metaDataModelPropertiesManager>
                    <properties/>
                  </metaDataModelPropertiesManager>
                </model>
                <accessType>READ_WRITE</accessType>
                <metaDataFieldPropertyManager>
                  <properties>
                    <org.mule.common.metadata.property.QNameMetaDataProperty>
                      <name>
                        <namespaceURI></namespaceURI>
                        <localPart>price</localPart>
                        <prefix></prefix>
                      </name>
                    </org.mule.common.metadata.property.QNameMetaDataProperty>
                  </properties>
                </metaDataFieldPropertyManager>
              </org.mule.common.metadata.DefaultMetaDataField>
              <org.mule.common.metadata.DefaultMetaDataField>
                <name>airlineName</name>
                <model class="org.mule.common.metadata.DefaultSimpleMetaDataModel">
                  <dataType>STRING</dataType>
                  <metaDataModelPropertiesManager>
                    <properties>
                      <org.mule.common.metadata.property.xml.SchemaTypeMetaDataProperty>
                        <typeQName reference="../../../../../../org.mule.common.metadata.DefaultMetaDataField[5]/model/metaDataModelPropertiesManager/properties/org.mule.common.metadata.property.xml.SchemaTypeMetaDataProperty/typeQName"/>
                      </org.mule.common.metadata.property.xml.SchemaTypeMetaDataProperty>
                    </properties>
                  </metaDataModelPropertiesManager>
                </model>
                <accessType>READ_WRITE</accessType>
                <metaDataFieldPropertyManager>
                  <properties>
                    <org.mule.common.metadata.property.QNameMetaDataProperty>
                      <name>
                        <namespaceURI></namespaceURI>
                        <localPart>airlineName</localPart>
                        <prefix></prefix>
                      </name>
                    </org.mule.common.metadata.property.QNameMetaDataProperty>
                    <org.mule.common.metadata.property.LabelMetaDataProperty>
                      <label>@airlineName</label>
                    </org.mule.common.metadata.property.LabelMetaDataProperty>
                    <org.mule.common.metadata.property.xml.AttributeMetaDataFieldProperty>
                      <isAttribute>true</isAttribute>
                    </org.mule.common.metadata.property.xml.AttributeMetaDataFieldProperty>
                  </properties>
                </metaDataFieldPropertyManager>
              </org.mule.common.metadata.DefaultMetaDataField>
            </fields>
            <rootElement>
              <namespaceURI>http://soap.training.mulesoft.com/</namespaceURI>
              <localPart>listAllFlightsResponse</localPart>
              <prefix>ns0</prefix>
            </rootElement>
            <schemas class="org.mule.common.metadata.StringBasedSchemaProvider">
              <schemas>
                <string>&lt;xs:schema attributeFormDefault=&quot;unqualified&quot; elementFormDefault=&quot;qualified&quot; xmlns:xs=&quot;http://www.w3.org/2001/XMLSchema&quot;&gt;
  &lt;xs:element name=&quot;return&quot; type=&quot;returnType&quot;/&gt;
  &lt;xs:complexType name=&quot;returnType&quot;&gt;
    &lt;xs:sequence&gt;
      &lt;xs:element name=&quot;code&quot;&gt;
        &lt;xs:simpleType&gt;
          &lt;xs:restriction base=&quot;xs:string&quot;&gt;
            &lt;xs:enumeration value=&quot;A1B2C3&quot;/&gt;
            &lt;xs:enumeration value=&quot;A1B2C4&quot;/&gt;
            &lt;xs:enumeration value=&quot;AFFFC5&quot;/&gt;
            &lt;xs:enumeration value=&quot;AFFFC4&quot;/&gt;
            &lt;xs:enumeration value=&quot;AFFFC3&quot;/&gt;
          &lt;/xs:restriction&gt;
        &lt;/xs:simpleType&gt;
      &lt;/xs:element&gt;
      &lt;xs:element name=&quot;departureDate&quot;&gt;
        &lt;xs:simpleType&gt;
          &lt;xs:restriction base=&quot;xs:string&quot;&gt;
            &lt;xs:enumeration value=&quot;2015/10/20&quot;/&gt;
            &lt;xs:enumeration value=&quot;2015/10/21&quot;/&gt;
          &lt;/xs:restriction&gt;
        &lt;/xs:simpleType&gt;
      &lt;/xs:element&gt;
      &lt;xs:element name=&quot;destination&quot;&gt;
        &lt;xs:simpleType&gt;
          &lt;xs:restriction base=&quot;xs:string&quot;&gt;
            &lt;xs:enumeration value=&quot;SFO&quot;/&gt;
            &lt;xs:enumeration value=&quot;LAX&quot;/&gt;
            &lt;xs:enumeration value=&quot;PDX&quot;/&gt;
          &lt;/xs:restriction&gt;
        &lt;/xs:simpleType&gt;
      &lt;/xs:element&gt;
      &lt;xs:element name=&quot;emptySeats&quot;&gt;
        &lt;xs:simpleType&gt;
          &lt;xs:restriction base=&quot;xs:byte&quot;&gt;
            &lt;xs:enumeration value=&quot;40&quot;/&gt;
            &lt;xs:enumeration value=&quot;10&quot;/&gt;
            &lt;xs:enumeration value=&quot;30&quot;/&gt;
            &lt;xs:enumeration value=&quot;0&quot;/&gt;
            &lt;xs:enumeration value=&quot;23&quot;/&gt;
          &lt;/xs:restriction&gt;
        &lt;/xs:simpleType&gt;
      &lt;/xs:element&gt;
      &lt;xs:element type=&quot;xs:string&quot; name=&quot;origin&quot;/&gt;
      &lt;xs:element name=&quot;planeType&quot;&gt;
        &lt;xs:simpleType&gt;
          &lt;xs:restriction base=&quot;xs:string&quot;&gt;
            &lt;xs:enumeration value=&quot;Boing 737&quot;/&gt;
            &lt;xs:enumeration value=&quot;Boing 777&quot;/&gt;
          &lt;/xs:restriction&gt;
        &lt;/xs:simpleType&gt;
      &lt;/xs:element&gt;
      &lt;xs:element name=&quot;price&quot;&gt;
        &lt;xs:simpleType&gt;
          &lt;xs:restriction base=&quot;xs:float&quot;&gt;
            &lt;xs:enumeration value=&quot;400.0&quot;/&gt;
            &lt;xs:enumeration value=&quot;199.99&quot;/&gt;
            &lt;xs:enumeration value=&quot;283.0&quot;/&gt;
          &lt;/xs:restriction&gt;
        &lt;/xs:simpleType&gt;
      &lt;/xs:element&gt;
    &lt;/xs:sequence&gt;
    &lt;xs:attribute type=&quot;xs:string&quot; name=&quot;airlineName&quot; use=&quot;optional&quot;/&gt;
  &lt;/xs:complexType&gt;
&lt;/xs:schema&gt;</string>
                <string>&lt;xs:schema attributeFormDefault=&quot;unqualified&quot; elementFormDefault=&quot;qualified&quot; targetNamespace=&quot;http://soap.training.mulesoft.com/&quot; xmlns:xs=&quot;http://www.w3.org/2001/XMLSchema&quot;&gt;
  &lt;xs:element name=&quot;listAllFlightsResponse&quot; type=&quot;soap:listAllFlightsResponseType&quot; xmlns:soap=&quot;http://soap.training.mulesoft.com/&quot;/&gt;
  &lt;xs:complexType name=&quot;listAllFlightsResponseType&quot;&gt;
    &lt;xs:sequence&gt;
      &lt;xs:element ref=&quot;return&quot; maxOccurs=&quot;unbounded&quot; minOccurs=&quot;0&quot;/&gt;
    &lt;/xs:sequence&gt;
  &lt;/xs:complexType&gt;
&lt;/xs:schema&gt;</string>
              </schemas>
              <encoding>UTF-8</encoding>
            </schemas>
            <namespaceManager>
              <namespacePrefix>
                <entry>
                  <string>http://soap.training.mulesoft.com/</string>
                  <string>ns0</string>
                </entry>
              </namespacePrefix>
            </namespaceManager>
          </model>
          <isArray>false</isArray>
        </model>
        <accessType>READ_WRITE</accessType>
        <metaDataFieldPropertyManager>
          <properties>
            <org.mule.common.metadata.property.QNameMetaDataProperty>
              <name>
                <namespaceURI></namespaceURI>
                <localPart>return</localPart>
                <prefix></prefix>
              </name>
            </org.mule.common.metadata.property.QNameMetaDataProperty>
          </properties>
        </metaDataFieldPropertyManager>
      </org.mule.common.metadata.DefaultMetaDataField>
    </fields>
    <rootElement>
      <namespaceURI>http://soap.training.mulesoft.com/</namespaceURI>
      <localPart>listAllFlightsResponse</localPart>
      <prefix>ns0</prefix>
    </rootElement>
    <schemas class="org.mule.common.metadata.StringBasedSchemaProvider">
      <schemas reference="../../fields/org.mule.common.metadata.DefaultMetaDataField/model/model/schemas/schemas"/>
      <encoding reference="../../fields/org.mule.common.metadata.DefaultMetaDataField/model/model/schemas/encoding"/>
    </schemas>
    <namespaceManager reference="../fields/org.mule.common.metadata.DefaultMetaDataField/model/model/namespaceManager"/>
  </metadataModel>
</custom__type__definition>